{
  "version": 6,
  "include": [
    "config/cmake-presets/hidden-presets.json"
  ],
  "configurePresets": [
    {
      "name": "ci-base-tgz",
      "hidden": true,
      "inherits": "ci-base",
      "cacheVariables": {
        "H5PL_ALLOW_EXTERNAL_SUPPORT": "NO",
        "TGZPATH": {"type": "STRING", "value": "${sourceDir}/libs"}
      }
    },
    {
      "name": "ci-base-plugins",
      "hidden": true,
      "cacheVariables": {
        "PL_PACKAGE_NAME": "pl",
        "USE_SHARED_LIBS": "ON",
        "HDF5_NAMESPACE": {"type": "STRING", "value": "hdf5::"},
        "HDF5_PACKAGE_NAME": {"type": "STRING", "value": "hdf5"},
        "BSHUF_TGZ_NAME": {"type": "STRING", "value": "bitshuffle.tar.gz"},
        "BSHUF_PACKAGE_NAME": {"type": "STRING", "value": "bshuf"},
        "BLOSC_TGZ_NAME": {"type": "STRING", "value": "c-blosc.tar.gz"},
        "BLOSC_PACKAGE_NAME": {"type": "STRING", "value": "blosc"},
        "BLOSC_ZLIB_TGZ_NAME": {"type": "STRING", "value": "zlib-1.2.13.tar.gz"},
        "BLOSC_ZLIB_PACKAGE_NAME": {"type": "STRING", "value": "zlib"},
        "BZ2_TGZ_NAME": {"type": "STRING", "value": "BZ2.tar.gz"},
        "BZ2_PACKAGE_NAME": {"type": "STRING", "value": "bz2"},
        "FPZIP_TGZ_NAME": {"type": "STRING", "value": "fpzip.tar.gz"},
        "FPZIP_PACKAGE_NAME": {"type": "STRING", "value": "fpzip"},
        "JPEG_TGZ_NAME": {"type": "STRING", "value": "JPEG.tar.gz"},
        "JPEG_PACKAGE_NAME": {"type": "STRING", "value": "jpeg"},
        "BUILD_LZ4_LIBRARY_SOURCE": "ON",
        "LZ4_TGZ_NAME": {"type": "STRING", "value": "lz4.tar.gz"},
        "LZ4_PACKAGE_NAME": {"type": "STRING", "value": "lz4"},
        "LZF_TGZ_NAME": {"type": "STRING", "value": "lzf.tar.gz"},
        "LZF_PACKAGE_NAME": {"type": "STRING", "value": "lzf"},
        "SZ_TGZ_NAME": {"type": "STRING", "value": "szf.tar.gz"},
        "SZ_PACKAGE_NAME": {"type": "STRING", "value": "SZ"},
        "ZFP_TGZ_NAME": {"type": "STRING", "value": "zfp.tar.gz"},
        "ZFP_PACKAGE_NAME": {"type": "STRING", "value": "zfp"},
        "ZSTD_TGZ_NAME": {"type": "STRING", "value": "zstd.tar.gz"},
        "ZSTD_PACKAGE_NAME": {"type": "STRING", "value": "zstd"}
      }
    },
    {
      "name": "ci-StdShar",
      "hidden": true,
      "inherits": ["ci-base-tgz", "ci-base-plugins"],
      "cacheVariables": {
        "HDF_PACKAGE_NAMESPACE": {"type": "STRING", "value": "hdf5::"}
      }
    },
    {
      "name": "ci-StdShar-MSVC",
      "description": "MSVC Standard Config for x64 (Release)",
      "inherits": [
        "ci-x64-Release-MSVC",
        "ci-StdShar"
      ]
    },
    {
      "name": "ci-StdShar-Clang",
      "description": "Clang Standard Config for x64 (Release)",
      "inherits": [
        "ci-x64-Release-Clang",
        "ci-StdShar"
      ]
    },
    {
      "name": "ci-StdShar-GNUC",
      "description": "GNUC Standard Config for x64 (Release)",
      "inherits": [
        "ci-x64-Release-GNUC",
        "ci-StdShar"
      ]
    }
  ],
  "buildPresets": [
    {
      "name": "ci-StdShar-MSVC",
      "description": "MSVC Standard Build for x64 (Release)",
      "configurePreset": "ci-StdShar-MSVC",
      "inherits": [
        "ci-x64-Release-MSVC"
      ]
    },
    {
      "name": "ci-StdShar-Clang",
      "description": "Clang Standard Build for x64 (Release)",
      "configurePreset": "ci-StdShar-Clang",
      "inherits": [
        "ci-x64-Release-Clang"
      ]
    },
    {
      "name": "ci-StdShar-GNUC",
      "description": "GNUC Standard Build for x64 (Release)",
      "configurePreset": "ci-StdShar-GNUC",
      "verbose": false,
      "inherits": [
        "ci-x64-Release-GNUC"
      ]
    }
  ],
  "testPresets": [
    {
      "name": "ci-StdShar-MSVC",
      "configurePreset": "ci-StdShar-MSVC",
      "inherits": [
        "ci-x64-Release-MSVC"
      ]
    },
    {
      "name": "ci-StdShar-Clang",
      "configurePreset": "ci-StdShar-Clang",
      "inherits": [
        "ci-x64-Release-Clang"
      ]
    },
    {
      "name": "ci-StdShar-GNUC",
      "configurePreset": "ci-StdShar-GNUC",
      "inherits": [
        "ci-x64-Release-GNUC"
      ]
    }
  ],
  "packagePresets": [
    {
      "name": "ci-StdShar-MSVC",
      "configurePreset": "ci-StdShar-MSVC",
      "inherits": "ci-x64-Release-MSVC"
    },
    {
      "name": "ci-StdShar-Clang",
      "configurePreset": "ci-StdShar-Clang",
      "inherits": "ci-x64-Release-Clang"
    },
    {
      "name": "ci-StdShar-GNUC",
      "configurePreset": "ci-StdShar-GNUC",
      "inherits": "ci-x64-Release-GNUC"
    }
  ],
  "workflowPresets": [
    {
      "name": "ci-StdShar-MSVC",
      "steps": [
        {"type": "configure", "name": "ci-StdShar-MSVC"},
        {"type": "build", "name": "ci-StdShar-MSVC"},
        {"type": "test", "name": "ci-StdShar-MSVC"},
        {"type": "package", "name": "ci-StdShar-MSVC"}
      ]
    },
    {
      "name": "ci-StdShar-Clang",
      "steps": [
        {"type": "configure", "name": "ci-StdShar-Clang"},
        {"type": "build", "name": "ci-StdShar-Clang"},
        {"type": "test", "name": "ci-StdShar-Clang"},
        {"type": "package", "name": "ci-StdShar-Clang"}
      ]
    },
    {
      "name": "ci-StdShar-GNUC",
      "steps": [
        {"type": "configure", "name": "ci-StdShar-GNUC"},
        {"type": "build", "name": "ci-StdShar-GNUC"},
        {"type": "test", "name": "ci-StdShar-GNUC"},
        {"type": "package", "name": "ci-StdShar-GNUC"}
      ]
    }
  ]
}