{
  "version": 6,
  "configurePresets": [
    {
      "name": "my-HDF5114",
      "hidden": true,
      "environment": {
        "HDF5_ROOT": "${sourceParentDir}/temp/HDF_Group/HDF5/1.14.2"
      },
      "cacheVariables": {
        "HDF5_ROOT": {"type": "STRING", "value": "${sourceParentDir}/temp/HDF_Group/HDF5/1.14.2"},
        "H5PL_VERS_MAJOR": {"type": "STRING", "value": "1"},
        "H5PL_VERS_MINOR": {"type": "STRING", "value": "14"},
        "H5PL_VERS_RELEASE": {"type": "STRING", "value": "2"}
      }
    },
    {
      "name": "my-HDF5Dev",
      "hidden": true,
      "environment": {
        "HDF5_ROOT": "${sourceParentDir}/temp/HDF_Group/HDF5/1.15.0"
      },
      "cacheVariables": {
        "HDF5_ROOT": {"type": "STRING", "value": "${sourceParentDir}/temp/HDF_Group/HDF5/1.15.0"},
        "BUILD_TESTING": "ON",
        "H5PL_BUILD_TESTING": "ON",
        "BUILD_EXAMPLES": "ON"
      }
    },
    {
      "name": "my-base-tgz",
      "hidden": true,
      "inherits": "ci-base",
      "cacheVariables": {
        "H5PL_ALLOW_EXTERNAL_SUPPORT": {"type": "STRING", "value": "TGZ"},
        "TGZPATH": {"type": "STRING", "value": "${sourceParentDir}/temp"}
      }
    },
    {
      "name": "my-StdShar",
      "hidden": true,
      "inherits": ["my-base-tgz", "ci-base-plugins"],
      "cacheVariables": {
        "HDF_PACKAGE_NAMESPACE": {"type": "STRING", "value": "hdf5::"}
      }
    },
    {
      "name": "my-StdShar-MSVC",
      "description": "MSVC Standard Config for x64 (Release)",
      "inherits": [
        "ci-x64-Release-MSVC",
        "my-StdShar",
        "my-HDF5Dev"
      ]
    },
    {
      "name": "my-StdShar-Clang",
      "description": "Clang Standard Config for x64 (Release)",
      "inherits": [
        "ci-x64-Release-Clang",
        "my-StdShar",
        "my-HDF5Dev"
      ]
    },
    {
      "name": "my-StdShar-GNUC",
      "description": "GNUC Standard Config for x64 (Release)",
      "inherits": [
        "ci-x64-Release-GNUC",
        "my-StdShar",
        "my-HDF5Dev"
      ]
    },
    {
      "name": "my-114Shar-MSVC",
      "description": "MSVC 1.14 Config for x64 (Release)",
      "inherits": [
        "ci-x64-Release-MSVC",
        "my-StdShar",
        "my-HDF5114"
      ]
    },
    {
      "name": "my-114Shar-Clang",
      "description": "Clang 1.14 Config for x64 (Release)",
      "inherits": [
        "ci-x64-Release-Clang",
        "my-StdShar",
        "my-HDF5114"
      ]
    },
    {
      "name": "my-114Shar-GNUC",
      "description": "GNUC 1.14 Config for x64 (Release)",
      "inherits": [
        "ci-x64-Release-GNUC",
        "my-StdShar",
        "my-HDF5114"
      ]
    }
  ],
  "buildPresets": [
    {
      "name": "my-StdShar-MSVC",
      "description": "MSVC Standard Build for x64 (Release)",
      "configurePreset": "my-StdShar-MSVC",
      "inherits": [
        "ci-x64-Release-MSVC"
      ]
    },
    {
      "name": "my-StdShar-Clang",
      "description": "Clang Standard Build for x64 (Release)",
      "configurePreset": "my-StdShar-Clang",
      "inherits": [
        "ci-x64-Release-Clang"
      ]
    },
    {
      "name": "my-StdShar-GNUC",
      "description": "GNUC Standard Build for x64 (Release)",
      "configurePreset": "my-StdShar-GNUC",
      "verbose": true,
      "inherits": [
        "ci-x64-Release-GNUC"
      ]
    },
    {
      "name": "my-114Shar-MSVC",
      "description": "MSVC 1.14 Build for x64 (Release)",
      "configurePreset": "my-114Shar-MSVC",
      "inherits": [
        "ci-x64-Release-MSVC"
      ]
    },
    {
      "name": "my-StdShar-Clang",
      "description": "Clang 1.14 Build for x64 (Release)",
      "configurePreset": "my-114Shar-Clang",
      "inherits": [
        "ci-x64-Release-Clang"
      ]
    },
    {
      "name": "my-114Shar-GNUC",
      "description": "GNUC 1.14 Build for x64 (Release)",
      "configurePreset": "my-114Shar-GNUC",
      "verbose": true,
      "inherits": [
        "ci-x64-Release-GNUC"
      ]
    }
  ],
  "testPresets": [
    {
      "name": "my-StdShar-MSVC",
      "configurePreset": "my-StdShar-MSVC",
      "inherits": [
        "ci-x64-Release-MSVC"
      ]
    },
    {
      "name": "my-StdShar-Clang",
      "configurePreset": "my-StdShar-Clang",
      "inherits": [
        "ci-x64-Release-Clang"
      ]
    },
    {
      "name": "my-StdShar-GNUC",
      "configurePreset": "my-StdShar-GNUC",
      "inherits": [
        "ci-x64-Release-GNUC"
      ]
    },
    {
      "name": "my-114Shar-MSVC",
      "configurePreset": "my-114Shar-MSVC",
      "inherits": [
        "ci-x64-Release-MSVC"
      ]
    },
    {
      "name": "my-114Shar-Clang",
      "configurePreset": "my-114Shar-Clang",
      "inherits": [
        "ci-x64-Release-Clang"
      ]
    },
    {
      "name": "my-114Shar-GNUC",
      "configurePreset": "my-114Shar-GNUC",
      "inherits": [
        "ci-x64-Release-GNUC"
      ]
    }
  ],
  "packagePresets": [
    {
      "name": "my-StdShar-MSVC",
      "configurePreset": "my-StdShar-MSVC",
      "inherits": "ci-x64-Release-MSVC"
    },
    {
      "name": "my-StdShar-Clang",
      "configurePreset": "my-StdShar-Clang",
      "inherits": "ci-x64-Release-Clang"
    },
    {
      "name": "my-StdShar-GNUC",
      "configurePreset": "my-StdShar-GNUC",
      "inherits": "ci-x64-Release-GNUC"
    },
    {
      "name": "my-114Shar-MSVC",
      "configurePreset": "my-114Shar-MSVC",
      "inherits": "ci-x64-Release-MSVC"
    },
    {
      "name": "my-114Shar-Clang",
      "configurePreset": "my-114Shar-Clang",
      "inherits": "ci-x64-Release-Clang"
    },
    {
      "name": "my-114Shar-GNUC",
      "configurePreset": "my-114Shar-GNUC",
      "inherits": "ci-x64-Release-GNUC"
    }
  ],
  "workflowPresets": [
    {
      "name": "my-StdShar-MSVC",
      "steps": [
        {"type": "configure", "name": "my-StdShar-MSVC"},
        {"type": "build", "name": "my-StdShar-MSVC"},
        {"type": "test", "name": "my-StdShar-MSVC"},
        {"type": "package", "name": "my-StdShar-MSVC"}
      ]
    },
    {
      "name": "my-StdShar-Clang",
      "steps": [
        {"type": "configure", "name": "my-StdShar-Clang"},
        {"type": "build", "name": "my-StdShar-Clang"},
        {"type": "test", "name": "my-StdShar-Clang"},
        {"type": "package", "name": "my-StdShar-Clang"}
      ]
    },
    {
      "name": "my-StdShar-GNUC",
      "steps": [
        {"type": "configure", "name": "my-StdShar-GNUC"},
        {"type": "build", "name": "my-StdShar-GNUC"},
        {"type": "test", "name": "my-StdShar-GNUC"},
        {"type": "package", "name": "my-StdShar-GNUC"}
      ]
    },
    {
      "name": "my-114Shar-MSVC",
      "steps": [
        {"type": "configure", "name": "my-114Shar-MSVC"},
        {"type": "build", "name": "my-114Shar-MSVC"},
        {"type": "test", "name": "my-114Shar-MSVC"},
        {"type": "package", "name": "my-114Shar-MSVC"}
      ]
    },
    {
      "name": "my-114Shar-Clang",
      "steps": [
        {"type": "configure", "name": "my-114Shar-Clang"},
        {"type": "build", "name": "my-114Shar-Clang"},
        {"type": "test", "name": "my-114Shar-Clang"},
        {"type": "package", "name": "my-114Shar-Clang"}
      ]
    },
    {
      "name": "my-114Shar-GNUC",
      "steps": [
        {"type": "configure", "name": "my-114Shar-GNUC"},
        {"type": "build", "name": "my-114Shar-GNUC"},
        {"type": "test", "name": "my-114Shar-GNUC"},
        {"type": "package", "name": "my-114Shar-GNUC"}
      ]
    }
  ]
}